{
  "C": 10.0,
  "coef": [
    2.7897739156172214,
    1.778407209438364,
    1.1932189889751164
  ],
  "intercept": -2.0287405639211507,
  "features": [
    "xgb",
    "lgbm",
    "dl"
  ]
}