{
  "learning_rate": 0.11606982623590888,
  "n_estimators": 1900,
  "max_depth": 3,
  "min_child_weight": 0.9277474205244098,
  "subsample": 0.7326900127737387,
  "colsample_bytree": 0.8024358862026536,
  "gamma": 4.187670208393132e-06,
  "reg_alpha": 3.373539017033962e-06,
  "reg_lambda": 2.261756498442988e-06,
  "random_state": 42,
  "n_jobs": -1,
  "eval_metric": "aucpr",
  "tree_method": "hist",
  "verbosity": 0
}