{
  "model": "ENS_FULL_SMOTENC",
  "stack": {
    "thr_val": 0.308,
    "metrics_val": {
      "pr_auc": 0.7013753952350565,
      "roc_auc": 0.862559015101388,
      "precision": 0.640661938534279,
      "f1": 0.653012048192771,
      "recall": 0.6658476658476659,
      "bal_acc": 0.7852151072490056
    },
    "metrics_test": {
      "pr_auc": 0.7091312422680297,
      "roc_auc": 0.8612001832340814,
      "precision": 0.5944700460829493,
      "f1": 0.6135552913198573,
      "recall": 0.6339066339066339,
      "bal_acc": 0.7617116345929905
    }
  },
  "soft_voting": {
    "thr_val": 0.47300000000000003,
    "metrics_val": {
      "pr_auc": 0.7002532353715107,
      "roc_auc": 0.8610922170244204,
      "precision": 0.6143497757847534,
      "f1": 0.6424384525205158,
      "recall": 0.6732186732186732,
      "bal_acc": 0.7826231470299267
    },
    "metrics_test": {
      "pr_auc": 0.7096893186534421,
      "roc_auc": 0.860865487984132,
      "precision": 0.5907079646017699,
      "f1": 0.6216530849825378,
      "recall": 0.6560196560196561,
      "bal_acc": 0.7699432868924394
    }
  }
}