{
  "thr": 0.603,
  "val": {
    "pr_auc": 0.6997634296685561,
    "roc_auc": 0.8617107091683364,
    "precision": 0.6187214611872146,
    "f1": 0.6414201183431952,
    "recall": 0.6658476658476659,
    "bal_acc": 0.7805070093205686
  },
  "test": {
    "pr_auc": 0.7027675050789401,
    "roc_auc": 0.8580475699119767,
    "precision": 0.6602209944751382,
    "f1": 0.6215864759427828,
    "recall": 0.5872235872235873,
    "bal_acc": 0.7550053905986109
  }
}