model,thr_val,thr_oof,thr_used,val_pr_auc,val_roc_auc,val_precision,val_f1,val_recall,val_bal_acc,test_pr_auc,test_roc_auc,test_precision,test_f1,test_recall,test_bal_acc,best_iteration
LGBM_FULL_SMOTENC,0.466,0.525,0.525,0.6813712315799685,0.8566640600538905,0.6512820512820513,0.6373902132998746,0.6240786240786241,0.7693525574881508,0.6979071764213306,0.8616860311775565,0.6584699453551912,0.6235446313065977,0.5921375921375921,0.7568346466651551,53
LGBM_FULL_SMOTENC_TUNED,0.392,0.527,0.527,0.6964347470013181,0.8585935704579772,0.5953389830508474,0.6393629124004551,0.6904176904176904,0.7852590649200819,0.7036617899235316,0.8599477752020125,0.6741573033707865,0.6290956749672346,0.5896805896805897,0.7584310041937161,236
LGBM_FULL_SMOTENC,0.392,0.527,0.527,0.6964347470013181,0.8585935704579772,0.5953389830508474,0.6393629124004551,0.6904176904176904,0.7852590649200819,0.7036617899235316,0.8599477752020125,0.6741573033707865,0.6290956749672346,0.5896805896805897,0.7584310041937161,236
LGBM_FULL_SMOTENC_TUNED,0.392,0.527,0.527,0.6964347470013181,0.8585935704579772,0.5953389830508474,0.6393629124004551,0.6904176904176904,0.7852590649200819,0.7036617899235316,0.8599477752020125,0.6741573033707865,0.6290956749672346,0.5896805896805897,0.7584310041937161,236
