EstimatedSalary_bin,n,churners,rate,ci95_low,ci95_high,rate_%
"(11.579, 41050.736]",2000,399,0.1995,0.18256909279269282,0.21758309488521552,19.95
"(41050.736, 80238.34]",2000,399,0.1995,0.18256909279269282,0.21758309488521552,19.95
"(80238.34, 119710.038]",2000,404,0.202,0.184982723114482,0.22015987897542377,20.2
"(119710.038, 159836.726]",2000,404,0.202,0.184982723114482,0.22015987897542377,20.2
"(159836.726, 199992.48]",2000,431,0.2155,0.19803417610265373,0.23405666381203816,21.55
