Balance_bin,n,churners,rate,ci95_low,ci95_high,rate_%
"(-0.001, 73080.908]",4000,590,0.1475,0.1368490025140746,0.1588274298402922,14.75
"(73080.908, 110138.926]",2000,446,0.223,0.20529747667669382,0.24176460647399037,22.3
"(110138.926, 133710.358]",2000,539,0.2695,0.25050950680726225,0.2893742844065742,26.95
"(133710.358, 250898.09]",2000,462,0.231,0.21305437194408466,0.24997703732499132,23.1
