IsActiveMember_bin,n,churners,rate,ci95_low,ci95_high,rate_%
"(-0.001, 1.0]",10000,2037,0.2037,0.1959206090386846,0.2117069567556398,20.37
