CreditScore_bin,n,churners,rate,ci95_low,ci95_high,rate_%
"(349.999, 566.0]",2010,452,0.22487562189054727,0.20715812685220253,0.24364277029879494,22.49
"(566.0, 627.0]",2020,421,0.2084158415841584,0.19126439580803342,0.22667424128688543,20.84
"(627.0, 678.0]",2010,395,0.19651741293532338,0.17973138093228702,0.21446129042776435,19.65
"(678.0, 735.0]",1981,363,0.18324078748107017,0.166823152626904,0.20088457780357472,18.32
"(735.0, 850.0]",1979,406,0.20515411824153612,0.1879418353730189,0.22350888262684554,20.52
