Tenure_bin,n,churners,rate,ci95_low,ci95_high,rate_%
"(-0.001, 2.0]",2496,528,0.21153846153846154,0.1959658577976012,0.2279976445299063,21.15
"(2.0, 4.0]",1998,416,0.2082082082082082,0.190972643668741,0.2265636888762515,20.82
"(4.0, 6.0]",1979,405,0.2046488125315816,0.18745372987087208,0.22298833468940346,20.46
"(6.0, 8.0]",2053,374,0.1821724305893814,0.16607426271404754,0.19945782298472484,18.22
"(8.0, 10.0]",1474,314,0.2130257801899593,0.1928828599479871,0.23466066027772586,21.3
