RowNumber_bin,n,churners,rate,ci95_low,ci95_high,rate_%
"(0.999, 2000.8]",2000,416,0.208,0.19077970668551297,0.2263398899931866,20.8
"(2000.8, 4000.6]",2000,430,0.215,0.19755026636631015,0.23354249066598223,21.5
"(4000.6, 6000.4]",2000,403,0.2015,0.1844999123085846,0.21964460689892168,20.15
"(6000.4, 8000.2]",2000,398,0.199,0.18208649443427266,0.21706761036123617,19.9
"(8000.2, 10000.0]",2000,390,0.195,0.17822726040200026,0.21294218133431264,19.5
