CustomerId_bin,n,churners,rate,ci95_low,ci95_high,rate_%
"(15565700.999, 15616377.4]",2000,432,0.216,0.19851812507760214,0.23457079771948924,21.6
"(15616377.4, 15665787.6]",2000,407,0.2035,0.18643140788395016,0.221705442853154,20.35
"(15665787.6, 15715686.6]",2000,390,0.195,0.17822726040200026,0.21294218133431264,19.5
"(15715686.6, 15765818.8]",2000,390,0.195,0.17822726040200026,0.21294218133431264,19.5
"(15765818.8, 15815690.0]",2000,418,0.209,0.1917464468029053,0.2273693156405932,20.9
