Age_bin,n,churners,rate,ci95_low,ci95_high,rate_%
"(17.999, 31.0]",2372,181,0.07630691399662731,0.06629442161297823,0.0876895813609574,7.63
"(31.0, 35.0]",1781,166,0.09320606400898372,0.08056570070499992,0.10759755142897097,9.32
"(35.0, 40.0]",2266,339,0.1496028243601059,0.13551019463704025,0.16488151551577399,14.96
"(40.0, 46.0]",1696,485,0.28596698113207547,0.26496353088749214,0.3079378500411778,28.6
"(46.0, 92.0]",1885,866,0.45941644562334216,0.4370241819862973,0.48197379010410996,45.94
