Geography,n,churners,rate,ci95_low,ci95_high,rate_%
Germany,2509,814,0.32443204463929853,0.3063934756342735,0.3430074257197952,32.44
Spain,2477,413,0.1667339523617279,0.15257329533972516,0.18192673884222335,16.67
France,5014,810,0.16154766653370561,0.15162021854004948,0.17199334470993438,16.15
