feature,cramers_v
Geography,0.17299857464855709
Gender,0.10579681691659651
Surname,0.0
