fold,best_C,ap_val,n_selected
1,10,0.6187054579532154,13
2,10,0.6268210008356113,13
3,10,0.6425620214856751,13
4,10,0.6240569067070928,13
5,10,0.5980572977362902,13
