{
  "learning_rate": 0.013570972114707725,
  "n_estimators": 2450,
  "max_depth": 4,
  "min_child_weight": 1.0024202070808959,
  "subsample": 0.8895969662409436,
  "colsample_bytree": 0.6179844014785916,
  "gamma": 0.005567832464942176,
  "reg_alpha": 5.0781078798822983e-05,
  "reg_lambda": 0.24267702102911723,
  "random_state": 42,
  "n_jobs": -1,
  "eval_metric": "aucpr",
  "tree_method": "hist",
  "verbosity": 0
}