orig_feature,cramers_v,n_levels
NumOfProducts,0.3975124534175876,4
Geography,0.1732082417013759,3
IsActiveMember,0.15881299024910292,2
Gender,0.11375170241465378,2
HasCrCard,0.016427140030681405,2
