orig_feature,min_q,n_sig,n_dummies,cramers_v,n_levels
NumOfProducts,1.0172553674303788e-88,4,4,0.3975124534175876,4
Geography,4.160654041266703e-31,3,3,0.1732082417013759,3
IsActiveMember,1.447030246732982e-17,1,1,0.15881299024910292,2
Gender,3.2960648022523067e-09,1,1,0.11375170241465378,2
HasCrCard,0.3832084745684165,0,1,0.016427140030681405,2
