{
  "learning_rate": 0.01410084212512224,
  "n_estimators": 2600,
  "num_leaves": 20,
  "max_depth": 5,
  "min_child_samples": 34,
  "subsample": 0.7161156117749173,
  "colsample_bytree": 0.985100043834859,
  "reg_alpha": 0.002809197614512053,
  "reg_lambda": 0.007006506306737809,
  "objective": "binary",
  "metric": "average_precision",
  "random_state": 42,
  "n_jobs": -1
}