{
  "model": "ENS_ML_FULL_SMOTENC",
  "stack": {
    "thr_val": 0.28,
    "metrics_val": {
      "pr_auc": 0.6998175597949031,
      "roc_auc": 0.8635846940931687,
      "precision": 0.6160714285714286,
      "f1": 0.6456140350877193,
      "recall": 0.6781326781326781,
      "bal_acc": 0.7850801494869291
    },
    "metrics_test": {
      "pr_auc": 0.7084549473928465,
      "roc_auc": 0.8627055406716424,
      "precision": 0.5857461024498887,
      "f1": 0.6144859813084113,
      "recall": 0.6461916461916462,
      "bal_acc": 0.7647154087832053
    }
  },
  "soft_voting": {
    "thr_val": 0.431,
    "metrics_val": {
      "pr_auc": 0.6994455382336808,
      "roc_auc": 0.8636109144583721,
      "precision": 0.6199095022624435,
      "f1": 0.6454652532391049,
      "recall": 0.6732186732186732,
      "bal_acc": 0.7838786398108433
    },
    "metrics_test": {
      "pr_auc": 0.7082870088204568,
      "roc_auc": 0.8627101677949135,
      "precision": 0.5878378378378378,
      "f1": 0.6133960047003525,
      "recall": 0.6412776412776413,
      "bal_acc": 0.7632000259118903
    }
  }
}