{
  "model": "ENS_REDUCED_SMOTENC",
  "stack": {
    "thr_val": 0.391,
    "metrics_val": {
      "pr_auc": 0.6967103094287437,
      "roc_auc": 0.8628304729999646,
      "precision": 0.6929577464788732,
      "f1": 0.6456692913385826,
      "recall": 0.6044226044226044,
      "bal_acc": 0.7679991239313273
    },
    "metrics_test": {
      "pr_auc": 0.7086679281606992,
      "roc_auc": 0.8642263218534405,
      "precision": 0.6539509536784741,
      "f1": 0.6201550387596899,
      "recall": 0.5896805896805897,
      "bal_acc": 0.7549783990461956
    }
  },
  "soft_voting": {
    "thr_val": 0.488,
    "metrics_val": {
      "pr_auc": 0.6932527718875239,
      "roc_auc": 0.8630433206704395,
      "precision": 0.6631578947368421,
      "f1": 0.6404066073697586,
      "recall": 0.6191646191646192,
      "bal_acc": 0.7694065405929813
    },
    "metrics_test": {
      "pr_auc": 0.7063962571891518,
      "roc_auc": 0.8637913722659485,
      "precision": 0.6349614395886889,
      "f1": 0.6206030150753769,
      "recall": 0.6068796068796068,
      "bal_acc": 0.7588698097172673
    }
  }
}