{
  "thr": 0.684,
  "val": {
    "pr_auc": 0.6974947956001832,
    "roc_auc": 0.8625806083433203,
    "precision": 0.6878453038674033,
    "f1": 0.647594278283485,
    "recall": 0.6117936117936118,
    "bal_acc": 0.7704291348359145
  },
  "test": {
    "pr_auc": 0.6666198131191623,
    "roc_auc": 0.8480946277556447,
    "precision": 0.664576802507837,
    "f1": 0.5840220385674931,
    "recall": 0.5208845208845209,
    "bal_acc": 0.7268578285527438
  }
}