feature,importance
num__Age,0.27501877922556955
NumOfProducts_1,0.20047079499321177
num__Balance,0.11710884115952583
num__EstimatedSalary,0.08951349117731762
num__CreditScore,0.08760769377130335
num__Tenure,0.08290374288401949
IsActiveMember_1,0.05567215203814665
Geography_1,0.03648814421732693
Gender_1,0.027422169949258456
HasCrCard_1,0.01345463408317422
NumOfProducts_2,0.01322024282931712
NumOfProducts_3,0.0011193136718288725
